<?xml version="1.0" encoding="UTF-8"?>

<ExtensionManifest Version="7.0" ExtensionBundleId="posidon-ps-cep"
    ExtensionBundleVersion="1.0.1"
    ExtensionBundleName="PosidonPsCEPPanel" xmlns:xsi="http://www.w3.org/2001/XMLSchema-instance">
    <ExtensionList>
        <Extension Id="posidon-ps-cep-main" Version="1.0" />
          <Extension Id="posidon-ps-cep-invisible" Version="1.0" />
    </ExtensionList>
    <ExecutionEnvironment>
        <HostList>
            <Host Name="PHXS" Version="16.0" />
            <Host Name="PHSP" Version="16.0" />
        </HostList>
        <LocaleList>
            <Locale Code="All" />
        </LocaleList>
        <RequiredRuntimeList>
            <RequiredRuntime Name="CSXS" Version="6.0" />
        </RequiredRuntimeList>
    </ExecutionEnvironment>
    <DispatchInfoList>
        <Extension Id="posidon-ps-cep-main">
            <DispatchInfo>
                <Resources>
                    <MainPath>./index.html</MainPath>
                    <ScriptPath>./photoshop/external/engine.jsx</ScriptPath>
                    <CEFCommandLine>
                        <Parameter>--enable-nodejs</Parameter>
                    </CEFCommandLine>
                </Resources>
                <Lifecycle>
                    <AutoVisible>true</AutoVisible>
                </Lifecycle>
                <UI>
                    <Type>Panel</Type>
                    <Menu>Posidon插件(CEP)</Menu>
                    <Geometry>
                        <Size>
                            <Height>350</Height>
                            <Width>330</Width>
                        </Size>
                        <MinSize>
                            <Height>350</Height>
                            <Width>330</Width>
                        </MinSize>
                        <MaxSize>
                            <Height>1200</Height>
                            <Width>1000</Width>
                        </MaxSize>
                    </Geometry>
                    <Icons>
                        <Icon Type="Normal">./dist/static/images/icons/logo-dark.png</Icon>
                        <Icon Type="RollOver">./dist/static/images/icons/logo-dark.png</Icon>
                        <Icon Type="DarkNormal">./dist/static/images/icons/logo.png</Icon>
                        <Icon Type="DarkRollOver">./dist/static/images/icons/logo.png</Icon>
                    </Icons>
                </UI>
            </DispatchInfo>
        </Extension>
            <Extension Id="posidon-ps-cep-invisible">
            <DispatchInfo>
                <Resources>
                    <MainPath>./invisible.html</MainPath>
                    <CEFCommandLine>
                        <Parameter>--enable-nodejs</Parameter>
                    </CEFCommandLine>
                </Resources>
                <Lifecycle>
                    <AutoVisible>false</AutoVisible>
                    <StartOn>
                        <!-- Photoshop dispatches this event on startup -->
                        <Event>applicationActivate</Event>
                        <!-- Premiere Pro dispatches this event on startup -->
                        <Event>com.adobe.csxs.events.ApplicationActivate</Event>
                        <!-- PS on Windows isn't consistently firing the above events on launch.
                        To ensure that we're launched, also start on the following -->
                        <Event>com.adobe.csxs.events.AppOnline</Event>
                        <Event>documentAfterActivate</Event>
                    </StartOn>
                </Lifecycle>
                <UI>
                    <Type>Custom</Type>
                    <Geometry>
                        <Size>
                            <Height>1</Height>
                            <Width>1</Width>
                        </Size>
                    </Geometry>
                </UI>
            </DispatchInfo>
        </Extension>
    </DispatchInfoList>
</ExtensionManifest>